DepartmentId	DepartmentName	EmployeeId	EmployeeFullName
1	IT	1	"Smith, Jane"
3	ACCOUNTS	500	"Smith, Jane"
1	IT	1	"Smith, Jane"
1	IT	2	"Wolff, Frank"
1	IT	3	"Trump, Donald"
1	IT	4	"Gates, Bill"
1	IT	5	"Last, First"
1	IT	6	"Last, First"
1	IT	7	"Last, First"
1	IT	8	"Last, First"
1	IT	9	"Last, First"
1	IT	10	"Last, First"
1	IT	11	"Last, First"
1	IT	12	"Last, First"
1	IT	13	"Last, First"
1	IT	14	"Last, First"
1	IT	15	"Last, First"
1	IT	16	"Last, First"
1	IT	17	"Last, First"
1	IT	18	"Last, First"
1	IT	19	"Last, First"
1	IT	20	"Last, First"
1	IT	21	"Last, First"
1	IT	22	"Last, First"
1	IT	23	"Last, First"
1	IT	24	"Last, First"
1	IT	25	"Last, First"
1	IT	26	"Last, First"
1	IT	27	"Last, First"
1	IT	28	"Last, First"
1	IT	29	"Last, First"
1	IT	30	"Last, First"
1	IT	31	"Last, First"
1	IT	32	"Last, First"
1	IT	33	"Last, First"
1	IT	34	"Last, First"
1	IT	35	"Last, First"
1	IT	36	"Last, First"
1	IT	37	"Last, First"
1	IT	38	"Last, First"
1	IT	39	"Last, First"
1	IT	40	"Last, First"
1	IT	41	"Last, First"
1	IT	42	"Last, First"
1	IT	43	"Last, First"
1	IT	44	"Last, First"
1	IT	45	"Last, First"
1	IT	46	"Last, First"
1	IT	47	"Last, First"
1	IT	48	"Last, First"
1	IT	49	"Last, First"
1	IT	50	"Last, First"
1	IT	51	"Last, First"
1	IT	52	"Last, First"
1	IT	53	"Last, First"
1	IT	54	"Last, First"
1	IT	55	"Last, First"
1	IT	56	"Last, First"
1	IT	57	"Last, First"
1	IT	58	"Last, First"
1	IT	59	"Last, First"
1	IT	60	"Last, First"
1	IT	61	"Last, First"
1	IT	62	"Last, First"
1	IT	63	"Last, First"
1	IT	64	"Last, First"
1	IT	65	"Last, First"
1	IT	66	"Last, First"
1	IT	67	"Last, First"
1	IT	68	"Last, First"
1	IT	69	"Last, First"
1	IT	70	"Last, First"
1	IT	71	"Last, First"
1	IT	72	"Last, First"
1	IT	73	"Last, First"
1	IT	74	"Last, First"
1	IT	75	"Last, First"
1	IT	76	"Last, First"
1	IT	77	"Last, First"
1	IT	78	"Last, First"
1	IT	79	"Last, First"
1	IT	80	"Last, First"
1	IT	81	"Last, First"
1	IT	82	"Last, First"
1	IT	83	"Last, First"
1	IT	84	"Last, First"
1	IT	85	"Last, First"
1	IT	86	"Last, First"
1	IT	87	"Last, First"
1	IT	88	"Last, First"
1	IT	89	"Last, First"
1	IT	90	"Last, First"
1	IT	91	"Last, First"
1	IT	92	"Last, First"
1	IT	93	"Last, First"
1	IT	94	"Last, First"
1	IT	95	"Last, First"
1	IT	96	"Last, First"
1	IT	97	"Last, First"
1	IT	98	"Last, First"
1	IT	99	"Last, First"
1	IT	100	"Last, First"
1	IT	101	"Last, First"
1	IT	102	"Last, First"
1	IT	103	"Last, First"
1	IT	104	"Last, First"
1	IT	105	"Last, First"
1	IT	106	"Last, First"
1	IT	107	"Last, First"
1	IT	108	"Last, First"
1	IT	109	"Last, First"
1	IT	110	"Last, First"
1	IT	111	"Last, First"
1	IT	112	"Last, First"
1	IT	113	"Last, First"
1	IT	114	"Last, First"
1	IT	115	"Last, First"
1	IT	116	"Last, First"
1	IT	117	"Last, First"
1	IT	118	"Last, First"
1	IT	119	"Last, First"
1	IT	120	"Last, First"
1	IT	121	"Last, First"
1	IT	122	"Last, First"
1	IT	123	"Last, First"
1	IT	124	"Last, First"
1	IT	125	"Last, First"
1	IT	126	"Last, First"
1	IT	127	"Last, First"
1	IT	128	"Last, First"
1	IT	129	"Last, First"
1	IT	130	"Last, First"
1	IT	131	"Last, First"
1	IT	132	"Last, First"
1	IT	133	"Last, First"
1	IT	134	"Last, First"
1	IT	135	"Last, First"
1	IT	136	"Last, First"
1	IT	137	"Last, First"
1	IT	138	"Last, First"
1	IT	139	"Last, First"
1	IT	140	"Last, First"
1	IT	141	"Last, First"
1	IT	142	"Last, First"
1	IT	143	"Last, First"
1	IT	144	"Last, First"
1	IT	145	"Last, First"
1	IT	146	"Last, First"
1	IT	147	"Last, First"
1	IT	148	"Last, First"
1	IT	149	"Last, First"
1	IT	150	"Last, First"
2	HR	151	"O'Neill, Sandy"
2	HR	152	"Tarkin, Frank"
2	HR	153	"Johnson, Magic"
2	HR	154	"Bird, Larry"
2	HR	155	"Jordan, Michael"
2	HR	156	"Thomas, Isaiah "
2	HR	157	"Last, First"
2	HR	158	"Last, First"
2	HR	159	"Last, First"
2	HR	160	"Last, First"
2	HR	161	"Last, First"
2	HR	162	"Last, First"
2	HR	163	"Last, First"
2	HR	164	"Last, First"
2	HR	165	"Last, First"
2	HR	166	"Last, First"
2	HR	167	"Last, First"
2	HR	168	"Last, First"
2	HR	169	"Last, First"
2	HR	170	"Last, First"
2	HR	171	"Last, First"
2	HR	172	"Last, First"
2	HR	173	"Last, First"
2	HR	174	"Last, First"
2	HR	175	"Last, First"
2	HR	176	"Last, First"
2	HR	177	"Last, First"
2	HR	178	"Last, First"
2	HR	179	"Last, First"
2	HR	180	"Last, First"
2	HR	181	"Last, First"
2	HR	182	"Last, First"
2	HR	183	"Last, First"
2	HR	184	"Last, First"
2	HR	185	"Last, First"
2	HR	186	"Last, First"
2	HR	187	"Last, First"
2	HR	188	"Last, First"
2	HR	189	"Last, First"
2	HR	190	"Last, First"
2	HR	191	"Last, First"
2	HR	192	"Last, First"
2	HR	193	"Last, First"
2	HR	194	"Last, First"
2	HR	195	"Last, First"
2	HR	196	"Last, First"
2	HR	197	"Last, First"
2	HR	198	"Last, First"
2	HR	199	"Last, First"
2	HR	200	"Last, First"
2	HR	201	"Last, First"
2	HR	202	"Last, First"
2	HR	203	"Last, First"
2	HR	204	"Last, First"
2	HR	205	"Last, First"
2	HR	206	"Last, First"
2	HR	207	"Last, First"
2	HR	208	"Last, First"
2	HR	209	"Last, First"
2	HR	210	"Last, First"
2	HR	211	"Last, First"
2	HR	212	"Last, First"
2	HR	213	"Last, First"
2	HR	214	"Last, First"
2	HR	215	"Last, First"
2	HR	216	"Last, First"
2	HR	217	"Last, First"
2	HR	218	"Last, First"
2	HR	219	"Last, First"
2	HR	220	"Last, First"
2	HR	221	"Last, First"
2	HR	222	"Last, First"
2	HR	223	"Last, First"
2	HR	224	"Last, First"
2	HR	225	"Last, First"
2	HR	226	"Last, First"
2	HR	227	"Last, First"
2	HR	228	"Last, First"
2	HR	229	"Last, First"
2	HR	230	"Last, First"
2	HR	231	"Last, First"
2	HR	232	"Last, First"
2	HR	233	"Last, First"
2	HR	234	"Last, First"
2	HR	235	"Last, First"
2	HR	236	"Last, First"
2	HR	237	"Last, First"
2	HR	238	"Last, First"
2	HR	239	"Last, First"
2	HR	240	"Last, First"
2	HR	241	"Last, First"
2	HR	242	"Last, First"
2	HR	243	"Last, First"
2	HR	244	"Last, First"
2	HR	245	"Last, First"
2	HR	246	"Last, First"
2	HR	247	"Last, First"
2	HR	248	"Last, First"
2	HR	249	"Last, First"
2	HR	250	"Last, First"
2	HR	251	"Last, First"
2	HR	252	"Last, First"
2	HR	253	"Last, First"
2	HR	254	"Last, First"
2	HR	255	"Last, First"
2	HR	256	"Last, First"
2	HR	257	"Last, First"
2	HR	258	"Last, First"
2	HR	259	"Last, First"
2	HR	260	"Last, First"
2	HR	261	"Last, First"
2	HR	262	"Last, First"
2	HR	263	"Last, First"
2	HR	264	"Last, First"
2	HR	265	"Last, First"
2	HR	266	"Last, First"
2	HR	267	"Last, First"
2	HR	268	"Last, First"
2	HR	269	"Last, First"
2	HR	270	"Last, First"
2	HR	271	"Last, First"
2	HR	272	"Last, First"
2	HR	273	"Last, First"
2	HR	274	"Last, First"
2	HR	275	"Last, First"
2	HR	276	"Last, First"
2	HR	277	"Last, First"
2	HR	278	"Last, First"
2	HR	279	"Last, First"
2	HR	280	"Last, First"
2	HR	281	"Last, First"
2	HR	282	"Last, First"
2	HR	283	"Last, First"
2	HR	284	"Last, First"
2	HR	285	"Last, First"
2	HR	286	"Last, First"
2	HR	287	"Last, First"
2	HR	288	"Last, First"
2	HR	289	"Last, First"
2	HR	290	"Last, First"
2	HR	291	"Last, First"
2	HR	292	"Last, First"
2	HR	293	"Last, First"
2	HR	294	"Last, First"
2	HR	295	"Last, First"
2	HR	296	"Last, First"
2	HR	297	"Last, First"
2	HR	298	"Last, First"
2	HR	299	"Last, First"
2	HR	300	"Last, First"
2	HR	301	"Last, First"
